<?xml version="1.0" encoding="UTF-8" standalone="yes"?>
<manifest>
  <control namespace="AgGrid" constructor="AgGrid" version="0.0.1" display-name-key="AgGrid" description-key="AgGrid description" control-type="standard" api-version="1.3.11">
    <external-service-usage enabled="false"/>
    <property name="sampleProperty" display-name-key="Property_Display_Key" description-key="Property_Desc_Key" of-type="SingleLine.Text" usage="bound" required="true"/>
    <resources>
      <code path="bundle.js" order="1"/>
    </resources>
    <built-by name="pac" version="1.30.2"/>
  </control>
</manifest>