<?xml version="1.0" encoding="UTF-8" standalone="yes"?>
<manifest>
  <control namespace="AgGrid" constructor="AgGrid" version="1.2.0" display-name-key="AgGrid" description-key="AgGrid description" control-type="standard" api-version="1.3.11">
    <external-service-usage enabled="false"/>
    <property name="ApiUrl" display-name-key="Property_Display_Key" description-key="Property_Desc_Key" of-type="SingleLine.Text" usage="bound" required="true"/>
    <property name="enableRowGroupColumns" display-name-key="enableRowGroupColumns_Key" description-key="enableRowGroupColumns_Desc_Key" of-type="SingleLine.Text" usage="bound" required="true"/>
    <property name="pivotColumns" display-name-key="pivotColumns_Key" description-key="pivotColumns_Desc_Key" of-type="SingleLine.Text" usage="bound" required="true"/>
    <property name="aggFuncColumns" display-name-key="aggFuncColumns_Key" description-key="aggFuncColumns_Desc_Key" of-type="SingleLine.Text" usage="bound" required="true"/>
    <resources>
      <code path="bundle.js" order="1"/>
    </resources>
    <built-by name="pac" version="1.30.2"/>
  </control>
</manifest>